site_code,collection_period,bluegreen_cyano,canopy,conductivity,d_oxygen,depth_mx,diatoms,doc,green_algae,ph,rain,sand,silt,temperature,turbidity,width,ln_ammonia,ln_nitrate,ln_q2wk_cdc,ln_q2wk_max,ln_q2wk_med,ln_q2wk_mu,ln_q2wk_q75,ln_q2wk_rsd,ln_q2wk_sd,sqrt_gravel,sqrt_phosphate,sqrt_q2wk_min,sqrt_q2wk_q25
AR,2020-01-01,0.2675,0.777027027027027,1318,80.025,0.2725,0.53,7.686,0.395,7.7375,32896.25375315576,0.405,0.22500000000000003,21.45,6.074999999999999,4.9775,-2.4305321073246677,2.412739101485938,-0.3002336330337809,4.851969027669716,4.698002696630887,4.700763858072214,4.77913662012621,-2.3266936966904397,2.371308999940447,-1.3280254529959148,0.6236631170293597,4.558369778189847,4.6285488894363045
AR,2020-02-01,0.3775,0.6283783783783785,1128.75,118.575,0.3025,0.475,7.71275,0.2425,7.8825,30165.11271173743,0.325,0.225,14.95,3.15,5.424875,-1.5564897381160046,2.3889003944459657,1.8309014050061578,5.9535268265675825,4.68874337121809,5.026827975998164,5.1807701428068205,-0.1638578556615284,4.504089336977876,-1.1239300966523995,0.6044798878437794,4.465134595424682,4.594586015029289
AR,2020-03-01,0.775,0.9324324324324323,1421.5,117.45,0.3425,0.8049999999999999,8.032250000000001,0.01,8.1325,9328.385232547844,0.525,0.225,21.975,11.225,4.007425,-0.25099662164392844,2.310330023441492,2.1959949429974555,6.241576478512567,4.684081358112278,5.157084489690212,5.333823381999114,0.20252036959215017,4.869250599282748,-1.742969305058623,0.6486726904581158,4.415040650105767,4.577161995685161
AR,2020-04-01,0.5307812500000001,0.7245415057915059,1100.4366071428572,90.00357142857145,0.33075892857142863,0.5418750000000001,8.49,0.1046875,8.02966517857143,65202.189692771404,0.4644329896907218,0.12371134020618559,23.224330357142858,10.137276785714286,5.0054046875000004,-1.3749863551974388,1.8851799538845178,2.46286311106653,6.464940512685128,4.679397508799853,5.27231296184265,5.466530903052171,0.4700707394492295,5.136154764210868,-1.6224082628767278,0.48338432767292744,4.362304354024824,4.559428988118344
AR,2020-05-01,0.48520161290322583,0.7164886660854404,1018.4620535714288,82.15223214285714,0.32256048387096775,0.46330645161290324,7.945749999999999,0.08431451612903228,8.030691964285715,79277.36067724925,0.47375,0.08875000000000001,24.51808035714286,10.920982142857143,5.107323991935485,-2.4822501813267914,2.0185961923798823,2.673307149217368,6.6474090310488965,4.67469161776244,5.375625117698018,5.583672680109746,0.6809378150363683,5.346621135918013,-1.667331890853003,0.7990825309686141,4.306631351598582,4.541375835315553
AR,2020-06-01,0.27249999999999996,0.9054054054054056,700.75,61.025,0.37825,0.245,7.775998376623376,0.01,7.645,142397.6535710035,0.6,0,27.525,11.3,5.53385,-2.4884629659907773,-1.2069773133462347,2.995065384566287,6.9352747750963815,4.665212873807896,5.554866246153752,5.783409901112428,1.0031927302695869,5.668405604077483,-1.3862943611198906,-0.6726585141326297,4.185024219503795,4.504261342750134
AR,2020-07-01,1.085,0.02027027027027025,1250.5,61.375,0.3025,0.8300000000000001,6.90975,0.02,8.345,123532.49708137082,0.4,0.05,28.675,13.1,6.088625,-2.4489122895646243,-1.1000633409354246,2.9286999247755765,7.894982131654894,5.766301625671896,6.542415518051356,7.083254711996981,0.764003460341054,6.68818882828331,NA,0.47699475924708573,4.193607963195187,4.671229823325811
AR,2020-08-01,0.2425,0.8783783783783785,457.2,70.32499999999999,0.3775,0.14500000000000002,8.05325,0.0125,8.629999999999999,102092.25837010363,0.4,0,28.375,18.5,4.60135,-2.038683549207668,-0.10597181357344192,2.921366463638166,8.111650113209393,5.9950010147804,6.761136877934496,7.3313293515371605,0.6794090541299493,6.911710403165692,-1.6094379124341003,-0.511117332975652,4.198259134370917,4.73207823121563
AR,2020-09-01,0.19,0.891891891891892,831.0538461538462,71.7951923076923,0.19,0.14500000000000002,8.314666666666668,0.0825,8.104711538461538,43552.48827541208,0.43062500000000004,0.04125,23.67019230769231,10.1675,4.604025,-1.6734432424100127,-0.3851479073452696,2.9408434506728995,8.291485614854599,6.178614188814111,6.940919817481967,7.5287520529558725,0.6258431926562571,7.095984912163026,-1.840424641209336,0.05009883130046427,4.204722821001483,4.7930421427452625
AR,2020-10-01,0.545,0.9391891891891893,1023.5,68.475,0.215,0.5775,6.93475,0.0575,7.7075,150212.58673502877,0.42474226804123716,0.054123711340206195,23.875,5.8675,6.6662,-2.3068943645821443,1.2238489583307257,3.422876842353839,8.995946214094227,6.852012933808231,7.631702676034823,8.247805457403874,0.9579247444629868,7.809937678271218,-1.8178706132317408,-0.13396005591607626,4.275621114856022,5.14599157622159
AR,2020-11-01,0.21,0.8581081081081082,955,85.025,0.265,0.3,7.5245,0.18,8.3,15992.004004647008,0.375,0.1,16.6,4.797499999999999,4.2804,-2.274824022208655,1.8036056915117367,-0.5939405304764968,4.5034779506223295,4.237502156752412,4.2750585269368235,4.318016673823707,-2.1015468347112947,2.135955322041117,-1.742969305058623,0.6993777303105815,4.104262862859336,4.201058769351052
AR,2020-12-01,0.165,0.8445945945945947,599.65,88.4,0.2175,0.3,7.3095,0.1075,7.7275,61366.802193688,0.4375,0.075,12.75,4.220000000000001,6.109475,-2.4389204129513025,0.20701416938432612,2.3298592473345257,7.882187537775722,5.831570900581855,6.554573802662695,7.1473270979359365,-0.09370930655056305,6.683832045735722,-1.742969305058623,-0.15122994931628087,4.002146334461834,4.4992471507210405
AR,2021-01-01,0.31622596153846155,0.6532614345114347,791.0353260869566,80.34728260869566,0.2917908653846154,0.2964663461538462,9.159,0.08798076923076924,7.727880434782609,61432.5762750706,0.4171153846153846,0.17096153846153847,16.92771739130435,28.99388586956522,5.476596634615386,-2.3254188094029895,2.054380111084465,2.2621607996303927,7.808445189213805,5.752561970197295,6.478702771681638,7.072830428656003,-0.16570215971934504,6.610797539002486,-1.8361937494342238,0.4247774191405372,3.8961920606687768,4.403155228994461
AR,2021-03-01,0.3422606382978724,0.4541403105232893,803.3191489361702,79.51755319148937,0.4086170212765957,0.2876329787234042,7.619181818181817,0.0660904255319149,7.6102127659574474,55926.84882800363,0.46007462686567174,0.20597014925373136,17.417287234042554,48.94385638297872,5.619939361702127,-2.568636145319532,1.6156187715091814,2.1122819328772557,7.64736397766453,5.593348075794574,6.318364546940993,6.912060320415283,-0.3176336065172348,6.449420717508332,-1.8946355115582194,0.8259282917937637,3.750056250362642,4.249847859107154
AR,2021-05-01,0.35864130434782615,0.2738689776733256,777.6195652173914,79.76820652173915,0.47236413043478265,0.22921195652173915,11.87,0.051331521739130435,7.5168478260869565,41263.86869941852,0.46927083333333336,0.2515625,16.93152173913044,65.43336956521739,5.456928532608696,-2.2675898438488957,1.1174326031273367,-0.5109369219199468,3.5700232924172886,3.3420274410159823,3.3714294784074568,3.409111004047013,-2.6005065155639615,1.0598839476423003,-1.9542783987258299,-0.00877429729968128,3.2349168652503706,3.3093091463930144
EM,2020-01-01,0.7675000000000001,0.027027027027027,822.75,78.775,0.37175,0.12,3.2775,0.0175,7.4725,14077.139118310764,0.4325,0.4575,16.975,54.125,4.8075,-2.189189445643336,-1.3138806806108454,-0.4795730802618859,2.6094878587453763,2.4759564661208535,2.4861088375848714,2.5110477859321234,-2.899995059591546,-0.42403859347069256,-2.2302644314144198,-2.8205192559973313,2.4271663019514214,2.451858914541793
EM,2020-02-01,0.1475,0.02027027027027025,666,69.225,0.62,0.3025,6.4125,0.0175,7.12,103430.66996656026,0.5802083333333334,0.28541666666666665,19.175,128.75,6.109999999999999,-1.9921635335727754,0.24978548226063088,1.8157340234966963,8.35447320775885,5.7374485931434736,6.679350068300416,6.79763081646591,0.16604899883621366,7.095030929562136,-2.232204296232246,-2.4048947118186157,3.28764225471918,4.366421704154371
EM,2020-03-01,0.135,0.0675675675675675,872.25,82.975,0.8975,0.2225,3.206,0.005,7.2975,12862.817766992715,0.65,0.1375,18.3,113.35,6.1737,-2.108746776072425,-1.9770654750629695,2.1870456675754557,8.75887148653471,6.13005431921955,7.079770047205287,7.198501441178723,0.5558571208886773,7.500315142228883,-1.8971199848858813,-2.6911930840357874,3.541136246273851,4.721503186088971
EM,2020-04-01,0.21337053571428577,0.04235162998049592,685.500892857143,65.9857142857143,0.6937723214285714,0.16988839285714286,7.70625,0.029174107142857144,7.532566964285715,90457.53716136233,0.6514945652173914,0.25149456521739133,22.064062500000002,90.22589285714287,5.873037053571429,-2.1024424387068144,-0.9603609976218836,2.4572033863722385,9.046019717219762,6.411244152902339,7.364919977841571,7.483878331630302,0.8356178023671229,7.78790675468729,-2.5740943062002253,-1.7243703831176227,3.7431914672247557,4.983008379685711
EM,2020-05-01,0.19830645161290325,0.04359407484407481,636.4006696428572,61.35647321428572,0.6678104838709679,0.15588709677419357,6.572,0.12610887096774195,7.609330357142858,101847.22847992503,0.637408256880734,0.2964678899082569,23.41696428571429,86.22209821428572,5.868833266129033,-2.139373399480425,-1.158202749093257,2.4183685675277897,9.017536029108335,6.379264356338764,7.335267769368299,7.454358220030009,0.80266379553274525,7.759681597796464,-2.91174534327172,-1.6031219125175633,3.661506642893754,4.939246675335301
EM,2020-06-01,0.015,0.04729729729729725,302,44.65,0.6645,0.0125,7.160672077922078,0.0375,7.315,196201.55546878808,0.775,0.225,24.85,123,6.09865,-2.46719444118943,-1.3499961836474852,2.993826974369017,9.604948718146618,6.962450360475346,7.9212707050416,8.040522484517924,1.38495586441629,8.347406224891635,NA,-1.1239954834054513,4.180704558359278,5.507928824689988
EM,2020-07-01,0.265,0.04377697024755844,1019.75,69.375,0.73875,0.2175,7.26175,0.08499999999999999,8.365,146101.14774527494,0.5,0.45,28.85,37.375,6.6572499999999994,-2.6299786656820543,-2.400914827067255,2.2926290975049257,8.879108402201261,6.237549460009372,7.195751559560766,7.3149746110393625,0.6742323626902805,7.621502099930289,-2.995732273553991,-1.3941249402350793,3.4696632758263215,4.786421338248625
EM,2020-08-01,0.0925,0.027027027027027,300.925,33.449999999999996,0.7025,0.0825,15.13,0.04,8.205,112503.40145017052,0.9125,0.075,29.525,24.775,4.702075,-1.4361150561038465,-1.5834047353872844,1.8610669036406668,8.42647977319863,5.78580406919478,6.743424721995569,6.86261977070523,0.23463893050653792,7.168812874703746,-4.382026634673881,-0.8725729342418744,3.0308515529213387,4.337847759122991
EM,2020-09-01,0.27749999999999997,0.06081081081081075,482.17211538461544,61.9375,0.4875,0.245,3.836,0.97,7.840000000000001,12982.801377584596,0.3625,0.6,24.254807692307693,40.275288461538466,5.690475,-2.2807991396721885,-2.463047315435107,NA,-1.261713152162515,-1.261713152162515,-1.261713152162515,-1.261713152162515,NA,NA,-3.283414346005772,-3.0761833979516178,-1.261713152162515,-1.261713152162515
EM,2020-10-01,0.075,0.02027027027027025,374.875,59.075,0.61,0.1275,4.0355,0.12,7.5925,229380.33508147977,0.25,0.075,23.225,16.525,5.35325,-2.4680495327215772,-2.367710452954508,1.3475072000819082,7.813761604176008,5.1767049421170475,6.131949130314572,6.251040920602863,-0.31530855658847773,6.555852228065746,-1.491654876777717,-2.9610410337640607,2.471980317741214,3.741673713208913
EM,2020-11-01,0.8625,0.054054054054054,767.5,97.475,0.54,0.3725,2.96,0.03499999999999999,7.9075,21483.38032064373,0.5375,0.4625,22.625,16.2125,5.4209499999999995,-2.2726865426481826,-2.521549887486839,0.22314355131420957,1.1361821206358556,0.817728389517321,0.8783530113337558,0.9355114251737044,-1.8767089876257539,-1.0589805981084328,NA,-3.307638734896637,0.6841969968927984,0.817728389517321
EM,2020-12-01,0.0625,0.02027027027027025,142.225,84.625,0.8825,0.08,8.872,0.0175,7.34,104097.47360710648,0.4,0.6,11.225,72.0025,6.2908,-2.35487888771518,0.49087798595629467,-0.4187103348581851,0.5729713617825739,0.28248423840318443,0.3371426509410483,0.3889677188056344,-2.5185628737981487,-1.7008344842808276,NA,-1.1921265820422544,0.16329572113806598,0.28248423840318443
EM,2021-02-01,0.28110576923076924,0.18795478170478175,449.35733695652175,76.25326086956522,0.5783221153846153,0.20937500000000003,5.68825,0.15911057692307695,7.594619565217393,79997.45058188871,0.4006493506493507,0.46201298701298704,17.904076086956522,37.018478260869564,6.311844711538463,-2.5256973947965267,-0.7514650898844603,-0.6312717768418581,0.3975275827554037,0.11924786298201308,0.17134297486541478,0.22085803939279552,-2.7311243157818215,-1.9133959262645004,-3.0022469545751846,-2.6036564025648428,0.006133058544181555,0.11924786298201308
EM,2021-03-01,0.2526329787234043,0.36479298447383557,482.15558510638294,69.5186170212766,0.5135505319148936,0.2273404255319149,7.507457792207791,0.16808510638297872,7.5998936170212765,72173.65437940172,0.5061440677966101,0.35656779661016946,18.559308510638296,36.76476063829787,6.604501063829788,-2.1099419871282197,1.2474632354004644,-0.6241543090729939,0.4032946114263962,0.12458120895737587,0.17676696212794582,0.226363903267318,-2.7240068480129573,-1.9062784584956363,-3.084285670895436,-1.7573580425107227,0.011252523650372718,0.12458120895737587
EM,2021-06-01,0.24769021739130437,0.496180963572268,521.8165760869566,66.725,0.4377445652173913,0.24967391304347827,6.9005,0.19641304347826088,7.620271739130436,44072.511359482305,0.6178571428571429,0.3821428571428572,18.3179347826087,36.362364130434784,6.966875271739132,-1.408619324579503,1.3241814544849049,-1.0296194171811581,0.0882135647865009,-0.16310086349440517,-0.11658084785951241,-0.07212908528867852,-3.1294719561211215,-2.3117435666038006,NA,-0.7216971112497759,-0.26318432205138764,-0.16310086349440517
GC,2020-01-01,0.025,0.554054054054054,553.5,55.175,0.2125,0.2175,10.495,0.0975,7.922499999999999,22986.79552683355,0.7125,0.2875,18.85,9.5,6.625,-2.563333164205746,-2.2302644314144198,NA,-1.261713152162515,-1.261713152162515,-1.261713152162515,-1.261713152162515,NA,NA,NA,-2.287154755338688,-1.261713152162515,-1.261713152162515
GC,2020-02-01,0.44,0.7094594594594598,649.875,67.775,0.39025,0.3175,11.57,0.035,7.3025,68820.20585288694,0.8200000000000001,0.18,18.9,44.25,9.27745,0.13289056233664764,2.9639835752394106,7.219432856990133,5.0044025034056085,-1.261713152162515,2.879151425694479,2.1442348322582387,4.964873402488792,3.7031602503262775,NA,0.3625593468309347,-1.261713152162515,-1.261713152162515
GC,2020-03-01,0.13,0.9256756756756758,470.75,45.925,0.425,0.29500000000000004,10.3975,0.9175,7.49,11293.35961702029,0.9,0.1,20.125,60.05,6.482675,-2.1982701237294067,-1.39447775392791,7.624897965098298,5.409234213311355,-1.261713152162515,3.2792993925250227,2.538579889322325,5.370338510596957,4.108625358434442,NA,0.5332527452389152,-1.261713152162515,-1.261713152162515
GC,2020-04-01,0.2102577319587629,0.7681805516857064,460.22680412371136,47.31829896907216,0.3655691964285715,0.2937371134020619,8.267,0.38811855670103096,7.559046391752578,69641.58365040555,0.8473684210526317,0.13157894736842107,21.45979381443299,42.457731958762885,6.852047098214287,-1.0610497790733802,1.295553911119592,7.912580037550079,5.696599436150889,-1.261713152162515,3.564312254621774,2.82065521901287,5.658020583048738,4.396307430886223,-3.8607297110405954,-0.21316172785227147,-1.261713152162515,-1.261713152162515
GC,2020-05-01,0.22973557692307695,0.7547427234927238,421.72282608695656,43.68722826086957,0.36641741071428574,0.3087019230769232,7.61525,0.4098798076923077,7.561494565217391,80190.19952210733,0.8458955223880597,0.13171641791044775,22.367663043478263,42.341032608695656,6.682140625000001,-1.061840018708001,0.9302630260589728,7.884409160583383,5.668455721656522,-1.2617131521625147,3.536370446491264,2.7929661536671544,5.629849706082041,4.368136553919526,-3.7992275112828016,-0.48692522103576985,-1.2617131521625147,-1.2617131521625147
GC,2020-06-01,0.1725,0.7905405405405405,293.8,27.15,0.4545,0.305,10.331980519480519,0.3725,7.34,145041.84213763653,0.8217391304347825,0.1565217391304348,24.85,60.974999999999994,6.8035,-1.5240059069953764,-2.3785621184324612,8.472195825485501,6.255807698440516,-1.261713152162515,4.120485698366224,3.373015836067121,6.2176363709841604,4.9559232188216455,-3.828641396489095,-2.0267542194008294,-1.261713152162515,-1.261713152162515
GC,2020-07-01,0.27140756302521013,0.7413695207812856,350.25909090909096,33.721969696969694,0.28875,0.33894957983193275,11.13,0.3676470588235294,7.391287878787879,105981.34054948992,1,0,23.413636363636364,28.73257575757576,4.828575000000001,-1.1172600830405928,-2.6231003225410667,7.746258822102566,5.530450237235494,-1.2617131521625147,3.399440923056013,2.657381563867771,5.491699367601224,4.229986215438709,NA,-1.0649357623087259,-1.2617131521625147,-1.2617131521625147
GC,2020-08-01,0.3225,0.7027027027027027,278.625,40.5,0.315,0.3275,11.395,0.0425,8.07,104107.79828162411,0.525,0.375,26.675,5.825,6.6272,-1.7102255662467925,-0.21852921376346435,7.293540829143856,5.078374781142948,-1.261713152162515,2.952122388061125,2.21597032405833,5.038981374642514,3.777268222479999,-2.3025850929940455,-2.226434565420496,-1.261713152162515,-1.261713152162515
GC,2020-09-01,0.365,0.7027027027027027,353.4488636363636,35.211363636363636,0.2984038461538462,0.3975,11.625,0.8975,7.251818181818181,31422.822078528305,0.9,0.1,21.387500000000003,13.084204545454543,6.458883653846155,-0.5658979796444819,-2.3025850929940455,NA,-1.261713152162515,-1.261713152162515,-1.261713152162515,-1.261713152162515,NA,NA,NA,-0.5577425435537423,-1.261713152162515,-1.261713152162515
GC,2020-10-01,0.2725,0.6554054054054055,434.8,20.425,0.3225,0.31,13.8625,0.01,7.4825,139128.00052716254,0.675,0.325,22.2,6.5649999999999995,7.2103,-1.8246442965638316,-2.3025850929940455,6.680436356257447,4.466761935084057,-1.261713152162515,2.351454480215725,1.6286586057336498,4.425876901756105,3.16416374959359,NA,-2.2777949241868267,-1.261713152162515,-1.261713152162515
GC,2020-11-01,0.375,0.7027027027027027,444.325,37.625,0.1475,0.435,6.59825,0.1825,5.609999999999999,13736.797027126717,0.5,0.5,16.475,1.7875,5.018225,-2.1468214290111485,-2.3025850929940455,NA,-1.261713152162515,-1.261713152162515,-1.261713152162515,-1.261713152162515,NA,NA,NA,-2.7837710116423504,-1.261713152162515,-1.261713152162515
GC,2020-12-01,0.18,0.722972972972973,278.875,59.05,0.27499999999999997,0.48,11.195,0.15,7.255,82791.78482791594,0.6,0.4,12.275,7.8125,8.369425,-2.5452937998030953,-2.0600311481600126,-1.752801132998455,2.984523903003252,2.8474335958647217,2.887845579190373,2.9746790677156008,-4.029982898580947,0.3625459783526032,NA,-2.674047404551964,2.751345239547996,2.8247053447871653
GC,2021-02-01,0.25478365384615387,0.6553319623971798,931.8641304347827,52.073913043478264,0.3140163043478261,0.4727163461538462,13.1275,0.2635576923076923,7.091983695652173,59555.47697139761,0.6060096153846154,0.38533653846153854,16.41467391304348,10.59429347826087,7.007432065217392,-2.6674002213756514,-1.6068911581675245,-1.3367539155597539,3.3956860604918586,3.2578759680757887,3.298510537122784,3.385792775669047,-3.6139356811422454,0.7785931957913044,NA,-2.7430299199982366,3.1612205797932575,3.2350184998739864
GC,2021-03-01,0.22928191489361702,0.6503592199794733,1355.1646276595745,60.189361702127655,0.3886702127659574,0.49444148936170207,9.820699675324674,0.23297872340425535,7.297925531914894,52527.94304393809,0.5893617021276596,0.38590425531914896,17.490425531914894,14.83316489361702,7.021791489361702,-1.919144077810723,-0.07725908554695152,-0.7542723028873278,3.973968643394037,3.8355366147705117,3.8763635999208588,3.9640335215506863,-3.0314540684698197,1.3610748084637303,-4.648655297927831,-2.077703053726116,3.738390689881399,3.8125674070940967
GC,2021-05-01,0.21535326086956524,0.6182432432432434,1759.089945652174,69.15625000000001,0.4411956521739131,0.5473641304347827,12.9425,0.2857608695652174,7.428885869565217,36658.90613514143,0.5828804347826088,0.3845108695652174,17.514402173913044,18.365625,6.992104076086956,-2.2508684639294905,-1.2327527198376735,-0.5311287515731181,4.196046988794545,4.057456710544538,4.0983326685315395,4.186101225531433,-2.80831051715561,1.58421835977794,-4.404005541392657,-2.2750403167214492,3.9601858830986156,4.0344590580391335
MR,2020-01-01,0.22,0.41891891891891897,2461.25,68.875,0.63,0.8475,5.3335,0.27,7.765,31119.023180252298,0.7,0.3,21.3,21.025,7.172499999999999,-2.504884892503665,-2.3025850929940455,-0.19465651495190528,4.531300456221628,4.39252887693355,4.433460947957086,4.521342503388194,-2.471838280534397,1.920690596399153,NA,-2.18658141723774,4.2951149095370225,4.3694986296588505
MR,2020-02-01,0.1525,0.6154279279279281,2086.5,77.275,0.2835,0.3275,4.9559999999999995,0.35750000000000004,7.825,42041.741590981415,0.3,0.625,13.325,24.225,6.457875,-2.070878311019348,-2.3025850929940455,2.935427269341309,7.312130387542288,4.648115156370953,5.397319090167804,4.901376062518987,0.8540607618888744,5.936280018389814,NA,-1.9659343008862409,4.071005641102854,4.436338647784701
MR,2020-03-01,0.1975,0.8445945945945947,2450.25,94.225,0.6749999999999999,0.3975,5.0045,0.44,7.8575,12766.36669743695,0.775,0.125,21.6,29.05,7.5454,-2.2305668027054066,-2.3025850929940455,3.3262137940448793,7.696716695535493,4.754966519086523,5.666804677395656,5.048140188890694,1.2474734665394507,6.335716214821192,-2.5902671654458267,-2.23380557759922,3.9367838791033107,4.468154692969361
MR,2020-04-01,0.22053571428571433,0.5421562867215042,2440.2410714285716,73.25814732142858,0.50734375,0.35687500000000005,5.24525,0.2484375,7.979821428571429,64406.56499500381,0.49107142857142866,0.4285714285714286,23.586830357142855,21.490401785714287,6.949535267857144,-2.222468173556394,-2.4147503989512824,3.606474978260303,7.973793587760065,4.851494831817948,5.878869252861142,5.176095638798438,1.5290744232584523,6.620370146006119,-2.943546520383421,-2.3713215210072867,3.781711964756732,4.498989612746368
MR,2020-05-01,0.2291935483870968,0.4923754029258617,2458.537946428572,69.01517857142858,0.4844959677419355,0.31112903225806454,5.762375,0.18735887096774198,8.025044642857143,77198.71729459777,0.4796370967741936,0.4413306451612904,25.30446428571429,19.923437500000002,6.833425403225807,-2.5224839141433666,-2.7313316223915796,3.7863951174321535,7.979221084898302,4.728222448925192,5.859449546560582,5.1403422329156125,1.8254043302319443,6.636880543722603,-2.8887601540018233,-3.020229905154391,3.366522306756573,4.291461741189259
MR,2020-06-01,0.2425,0.5337837837837838,1496,48.175,0.69275,0.1575,8.472826298701298,0.01,7.7575,146514.7965992686,0.3125,0.4775,29.5,19.7,6.5725750000000005,-2.3939879164673896,-2.553292562654465,4.156467983750179,8.519606766399406,5.095262187546599,6.332020817900955,5.48381727172479,2.0808168993883434,7.176079086934942,-1.7867719277170158,-2.02094624408955,3.082092269691169,4.586169666467443
MR,2020-07-01,0.29500000000000004,0.0135135135135135,5280.25,95.4225,0.2525,0.2175,8.26225,0.095,8.81,93113.93855078166,0.2,0.8,31.575000000000003,13.45,6.81245,-2.5264163807447533,-2.4155858320812893,3.9468820502344624,7.870721474520537,4.473036465473446,5.728352378650405,4.97100417345347,1.9863706534992436,6.541335073523768,NA,-2.8865640165533373,2.500986214186689,3.928192453427632
MR,2020-08-01,0.2625,0.6148648648648648,1002.25,33.725,0.3175,0.1975,18.4825,0.15000000000000002,8.145,99659.924062234,0.5,0.475,28.675,11.65,6.800225,-1.3925136609338074,-2.1899039387185883,3.859972307660692,7.502976933605392,4.128060824873857,5.402359413297712,4.725753027501947,1.964994553328073,6.187083944798673,-3.6888794541139363,-2.9836060937561504,2.1821506758185434,3.5415194355402244
MR,2020-09-01,0.2025,0.5202702702702703,3556.8269230769233,59.54096153846154,0.34750000000000003,0.2925,11.273333333333332,0.115,7.936442307692308,46719.80655220274,0.85,0.15,24.791346153846156,17.181346153846157,6.50575,-1.74941862873853,-2.3025850929940455,3.6375861597263857,6.244878627908326,2.993899557655708,4.470934402889858,4.312340215818902,2.0556495148426577,5.049549072498366,NA,-2.9006493923072987,0.9355114251737044,1.5108755700772663
MR,2020-10-01,0.3175,0.412162162162162,4869.25,64.425,0.565,0.415,8.8235,0.1275,7.6525,119476.7137472116,0.5,0.5,22.375,18.9225,7.0079,-2.3268521711370442,-2.3025850929940455,3.8074792676772344,7.012452607342373,3.694993799908185,4.980892197043109,4.369125202715492,1.87365513293758,5.719363611235154,NA,-2.9393519401178834,1.8665083044375552,3.103771159642051
MR,2020-11-01,0.155,0.5,6645,62.525,0.6475,0.24,7.89325,0.1525,7.705,9967.549406527847,0.525,0.475,21.7,31.64,8.111725,-2.3412739476091575,-2.3025850929940455,3.796612153916818,4.9746564380411895,2.4271663019514214,3.6134841710386367,2.924146518895359,1.5287957135700228,3.955962015521444,NA,-2.981089996817121,1.446337048939695,2.2719734125457194
MR,2020-12-01,0.1725,0.358108108108108,1686.5,60.95,0.2325,0.2475,11.525,0.0875,7.41,64055.77018069147,0.55,0.45,12.225,7.94,7.264075,-2.099889176948941,-2.4396082891607134,3.509973111463068,5.355830542057885,2.4225504018994553,3.7517002343462904,3.3841948142736107,1.5003950287479173,4.227386753575325,NA,-2.88249287794748,1.0871526933955369,1.8494602356027783
MR,2021-01-01,0.256610576923077,0.36493830787309045,3058.2961956521744,69.33614130434783,0.4641826923076924,0.47625000000000006,9.112625,0.139375,7.6320380434782615,52396.2228656972,0.5387019230769231,0.43533653846153847,17.42663043478261,14.200951086956522,7.0483822115384624,-2.4241596825148997,-2.3025850929940455,3.3554875747003052,5.263971435611264,2.303314355740721,3.6428408892911803,3.2981925619857604,1.3755737671927575,4.127938498780442,-4.749751414799199,-2.971966920003729,0.9355114251737042,1.6816053787074356
MR,2021-03-01,0.33063829787234045,0.25504618542593227,2494.465425531915,74.6186170212766,0.5136037234042553,0.5739627659574468,9.171512987012987,0.1449468085106383,7.71313829787234,45549.399524845365,0.47393617021276596,0.4773936170212766,17.544148936170213,12.175212765957447,6.65803909574468,-2.4271850612273753,-2.3025850929940455,2.9493142935296146,4.129964442320768,1.6126582643872087,2.7763129794693624,2.096924615080845,0.6814978531828192,3.1086641551342407,-4.42551174661362,-2.9174295402968173,0.6841969968927984,1.4628663508909057
MR,2021-05-01,0.37103260869565224,0.16920045045045046,1786.7934782608697,79.18396739130436,0.530516304347826,0.7029076086956523,18.3025,0.15820652173913044,7.761385869565219,32881.54961138428,0.4597826086956522,0.4750000000000001,17.118478260869566,9.719076086956523,6.409374456521738,-2.3720466985651285,-2.316203816715424,2.5438491854214504,3.7267739087107303,1.2350279552724883,2.3796253571824213,1.7087013134071865,0.2760327450746549,2.7031990470260765,-4.116323468940876,-1.8994448684330785,0.34772476027158555,1.0896621050009627
PD,2020-01-01,0.48,0.027027027027027,1005.5,79.15,0.58,1.36,3.07275,0.2225,7.76,20780.7627754632,0.575,0.425,20.125,7.15,6.4525,-2.5948442911889398,-2.3025850929940455,NA,-1.261713152162515,-1.261713152162515,-1.261713152162515,-1.261713152162515,NA,NA,NA,-2.267555844074651,-1.261713152162515,-1.261713152162515
PD,2020-02-01,0.335,0.01126126126126125,812.25,95.525,0.58375,0.5975,2.6745,0.1825,7.88,55306.93816788767,0.225,0.55,13.75,3.7,6.075,-2.2024909202087466,-2.3025850929940455,NA,-1.261713152162515,-1.261713152162515,-1.261713152162515,-1.261713152162515,NA,NA,-2.5902671654458267,-0.44951888170529924,-1.261713152162515,-1.261713152162515
PD,2020-03-01,0.5725,0,862.5,89.025,0.565,0.355,2.8005,0.07250000000000001,8.0025,14339.584802466536,0.4,0.5,16.825,7.125,4.552375,-2.3818177122111894,-2.3025850929940455,NA,-1.261713152162515,-1.261713152162515,-1.261713152162515,-1.261713152162515,NA,NA,NA,-2.453495195833907,-1.261713152162515,-1.261713152162515
PD,2020-04-01,0.6311607142857144,0.007371007371007364,909.6607142857144,85.59441964285713,0.4605915178571429,0.47582589285714294,2.52225,0.13145089285714287,7.996629464285714,59623.19055473655,0.52375,0.35375000000000006,21.43370535714286,15.507142857142858,5.153100446428572,-2.2999617763366347,-2.406502987758129,NA,-1.261713152162515,-1.261713152162515,-1.261713152162515,-1.261713152162515,NA,NA,-3.4459332755035468,-1.7458095520479227,-1.261713152162515,-1.261713152162515
PD,2020-05-01,0.6951411290322581,0.005921651989067715,912.1629464285716,84.27276785714287,0.42597098214285717,0.38848790322580656,2.7880000000000003,0.12600806451612906,8.011116071428571,69403.49228743839,0.5474770642201836,0.2784403669724771,23.2109375,18.528348214285714,5.127178571428572,-2.518690966956605,-2.7356012701895005,NA,-1.2617131521625147,-1.2617131521625147,-1.2617131521625147,-1.2617131521625147,NA,NA,-3.2503286214200067,-2.98811138642263,-1.2617131521625147,-1.2617131521625147
PD,2020-06-01,0.48,0,631,74.125,0.5505,0.23,6.522055194805194,0.08,7.6725,123697.02737755052,0.8,0,24.9,18.1,6.502975,-2.006191079940243,-2.3201891389424065,NA,-1.261713152162515,-1.261713152162515,-1.261713152162515,-1.261713152162515,NA,NA,-2.5902671654458267,-2.5150669328828914,-1.261713152162515,-1.261713152162515
PD,2020-07-01,0.995,0.003898128898128895,1326.5,105.725,0.09075,0.14750000000000002,4.93175,0.15,8.4625,89656.890752446,0.75,0.2,33.75,18.9,3.4128,-2.40997544515457,-2.523605898927277,NA,-1.261713152162515,-1.261713152162515,-1.261713152162515,-1.261713152162515,NA,NA,-4.382026634673881,-1.3253686081773963,-1.261713152162515,-1.261713152162515
PD,2020-08-01,1.2574999999999998,0.0135135135135135,1013.5,62.474999999999994,0.1575,0.29,6.7355,0.14250000000000002,8.43,84247.14035242469,0.55625,0.16875,26.225,58.025,3.41975,-1.9653988256391757,-2.315037300933285,NA,-1.261713152162515,-1.261713152162515,-1.261713152162515,-1.261713152162515,NA,NA,-3.1656313103493883,-2.7419043401087864,-1.261713152162515,-1.261713152162515
PD,2020-09-01,0.9,0,1021.5384615384614,78.47115384615384,0.22765384615384618,0.1325,23.6725,0.1025,8.265192307692308,39376.03167561241,0.2,0.25,28.234615384615388,36.77307692307692,3.5226796875,1.9213246735826988,-2.3025850929940455,NA,-1.261713152162515,-1.261713152162515,-1.261713152162515,-1.261713152162515,NA,NA,-2.995732273553991,-2.6673282115822885,-1.261713152162515,-1.261713152162515
PD,2020-10-01,0.945909090909091,0.0029377203290246743,1015.7340425531916,79.25265957446808,0.23653723404255322,0.19152597402597404,13.205,0.11863636363636365,8.246968085106383,87731.53637518705,0.4710526315789474,0.18421052631578946,28.288297872340426,35.34468085106383,3.216682089552239,-1.8770722895821033,-2.412148874454187,NA,-1.261713152162515,-1.261713152162515,-1.261713152162515,-1.261713152162515,NA,NA,-3.0923591092430627,-2.69874364178191,-1.261713152162515,-1.261713152162515
PD,2020-11-01,1.0383510638297873,0,1152.611111111111,81.69722222222222,0.12783333333333333,0.18659574468085105,4.01375,0.1273936170212766,8.444444444444443,15871.633284520862,0.40625000000000006,0.23125,29.569444444444443,40.636111111111106,2.0893394736842104,-1.7548973044954888,-2.3025850929940455,-1.1184149159642898,1.9769653000018654,1.7277495083778807,1.749962771788612,1.7916982329781541,-3.576327285755971,-0.5007496970859958,-3.3259739604245677,-2.8720113465642325,1.61467236375891,1.6761251429725734
PD,2020-12-01,0.7946153846153846,0.0669800235017626,1517.5,87.1,0.16499999999999998,0.35480769230769227,13.2375,0.1371153846153846,8.24125,60736.72496696605,0.3055555555555556,0.28888888888888886,24.087500000000006,52.974999999999994,0.8947499999999999,-1.743826815472752,0.6169408545546922,-0.5430507710607279,2.535023697807835,2.2808551826805,2.30356278870332,2.346197239417754,-3.0009631408524093,0.07461444781756614,-2.1484344131667874,-3.166995202991212,2.1650797766886045,2.2280376268410857
PD,2021-01-01,0.5634615384615385,0.1714383875400824,1865.7222222222222,102.40277777777777,0.2013888888888889,0.5301153846153847,11.14,0.09926923076923076,8.0045,50525.98411640135,0.42596153846153845,0.2528846153846154,18.09444444444445,29.59166666666666,2.5374368421052633,-1.7458305373396552,-1.9567992203874822,-0.31990721974651815,2.7536683662527843,2.4981941385287425,2.5210324381835125,2.563904353301503,-2.7778195895381996,0.2977579991317758,-2.382627800667582,-3.181339221339475,2.381703927874664,2.445060791827972
PD,2021-03-01,0.43720744680851065,0.3748910200523104,1924.8297872340427,114.33085106382978,0.22771276595744683,0.7597340425531915,8.875344155844155,0.12022606382978725,8.062074468085108,45461.69762240382,0.5875000000000001,0.22978723404255322,18.619680851063833,34.638829787234044,3.327944402985074,-2.417575157627715,-2.553131958783567,-0.1375856629525635,2.932979383893868,2.6766271615830046,2.6995534293675645,2.742585129374802,-2.5954980327442447,0.4800795559257304,-2.3915325790105415,-3.003462071615932,2.5596554849975,2.623281180877712
PD,2021-05-01,0.42365384615384616,0.40759915759915755,1927.3846153846155,113.67692307692307,0.22365384615384615,0.7541538461538462,11.0625,0.12215384615384617,8.059076923076924,38443.28240313039,0.5769230769230769,0.2365384615384616,18.773076923076925,35.12307692307692,3.71249375,-1.9884878285484882,-0.07708963391086715,3.353857107951532,5.058891623160387,2.786904730444089,3.455741574945831,3.3758802205308034,1.0504680962696669,3.6441504504737114,-2.3220031788511473,-2.7756065106226933,2.6132685815852823,2.68865605827398
PL,2020-01-01,0.2,0.3716216216216215,2021.5,111.725,0.1725,0.6975,4.8345,0.175,8.0525,25399.341345293735,0.4375,0.3375,21.950000000000003,47.925,4.3525,-1.9852228664408542,0.6051353032367319,0.2678794451556009,3.333406697972075,3.0755775886699754,3.098651985730187,3.1419526576148478,-2.1900329246360806,0.8855446640338949,-1.6094379124341003,-2.397033144537761,2.9577945530135916,3.0218734096981144
PL,2020-02-01,0.68125,0.3783783783783783,1671,90.75,0.2375,0.7185,4.73525,0.001375,7.9445,78807.69895764838,0.6375,0.15,13.275,6.675,4.375325,-1.915453691574386,0.30119658859805193,3.797501114332185,5.477623475194659,2.956743580767617,3.769791293794421,3.6704456673939485,1.495310630876673,4.0845450129452825,NA,-2.4887038500363854,2.7636385385726343,2.843288704533574
PL,2020-03-01,0.5275,0.8445945945945947,2081,148.15,0.3075,0.915,4.13275,0.1775,8.225,6475.819177165028,0.775,0.15,19.75,47.45,4.3664499999999995,-2.294517721916287,0.02176149178151271,4.193146161446129,5.843252296107328,2.891573945693036,3.9884745463262163,3.857135726573974,1.8923777228438656,4.476315789482708,-3.6888794541139363,-2.89647534695665,2.650309853265631,2.7404116879628178
PL,2020-04-01,0.44953125,0.45499517374517373,1690.8050000000003,100.31625000000001,0.23339285714285718,0.7208258928571428,5.54275,0.11216517857142859,8.1059,64090.8852775609,0.6351562500000001,0.1814732142857143,21.230000000000004,35.74875,4.248781026785714,-2.1294302363000313,-0.20671451785575856,4.186438081746037,5.830577543273598,2.764967442422688,3.9451952296043085,3.804813007304572,1.886808974552364,4.4680343528155895,-2.5652842349553175,-2.6226658445374063,2.5282624188227905,2.611038074978761
PL,2020-05-01,0.42811491935483875,0.41014603312990416,1528.672018348624,87.29633027522937,0.21997983870967744,0.7379032258064517,4.19225,0.09895665322580648,8.084839449541285,81824.97958434293,0.6291330645161292,0.16713709677419358,22.438761467889915,34.05811926605505,4.119078024193549,-2.1593224479277997,-0.5377535638214836,4.395142525572082,6.028292477140275,2.7050970369074374,4.079271122546885,3.922654283513869,2.095878614912217,4.675485106792717,-2.5353514078497117,-2.6485323585229397,2.4232111221084933,2.515273569461688
PL,2020-06-01,0.395,0.49324324324324326,485.275,71.625,0.183,0.6875,5.332920454545453,0.14,7.82,118189.04156977232,0.675,0.075,25.6,25.5,4.2334499999999995,-2.261791098865798,-1.7724569669735577,5.02910172793789,6.642990761711232,2.577739160430796,4.5682823343105285,4.3766415171712305,2.7299906889360432,5.307729849366839,-2.995732273553991,-2.3414168817882115,1.9963833858589672,2.1722740523226314
PL,2020-07-01,0.4725,0.00675675675675675,2213.5,44.25,0.2625,0.69,6.52025,0.015,8.5175,129784.3127539548,0.525,0.2375,28.25,52.6,3.827825,-2.4966250427421985,-2.4274682751407357,4.191068569492248,5.867103511929507,2.6219103787439333,3.931243698727695,3.7246294493646963,1.9147093127026231,4.511970311826521,-1.4375876555074412,-2.7406250470343885,2.39153912430827,2.467588216450337
PL,2020-09-01,0.2425,0.2094594594594593,1478.7434782608698,63.13152173913044,0.16499999999999998,0.3625,5.2330000000000005,0.13,8.029565217391305,59684.57947789387,0.6,0.225,22.6804347826087,31.717173913043478,4.1658,-1.8075840195750263,-2.3025850929940455,0.3194307707663616,2.986782089886844,2.577739160430796,2.6460149289827504,2.665198465759382,-1.9051699350160645,0.6725692254147312,-3.6888794541139363,-3.0669597828423587,2.5449493376078047,2.56692824432658
PL,2020-10-01,0.415,0.47972972972972977,1404.5,68.05,0.19,1.1825,7.9715,0.0125,8,124437.2758388581,0.6625,0.0875,21.275,22.5925,3.29415,-2.2996145095492126,-2.1697164199196215,3.687848928964557,5.472640667400227,2.6642127584346227,3.6499959082705113,3.3817157459426666,1.4611158276727285,4.099062460175439,-3.6888794541139363,-3.2671473735418997,2.513343998192474,2.5734288089296733
PL,2020-11-01,0.2925,0.28378378378378377,1788.75,54.25,0.1775,0.765,3.83275,0.0775,7.734999999999999,27862.338713677007,0.4625,0.3375,20.625,27.99,3.3796,-1.5751572659572675,0.31475599381594993,3.0966090681303693,5.25595812074976,2.7813381156720354,3.523394799264255,2.965120593105665,1.0857795720304815,3.8671176877025166,NA,-2.960654746941295,2.670112480561811,2.731889840258054
PL,2020-12-01,0.0675,0.25675675675675647,1069,91.575,0.24,0.15,5.65375,0.02,7.785,90520.30491539878,0.675,0.1,13.2,21.46,3.993875,-1.9433210037865953,0.6967656260826564,2.491734253063191,4.752130679168375,3.0596271811612095,3.4301519447049884,3.1576029291353933,0.4738080573950922,3.25952264359613,NA,-2.91562802931233,2.9539170762671714,3.0327038404724838
PL,2021-01-01,0.2219836956521739,0.40637993762993757,1255.100543478261,75.52391304347826,0.1995108695652174,0.6142663043478261,7.605,0.045625000000000006,7.670923913043479,64189.31299426913,0.5068509615384615,0.22896634615384615,18.06929347826087,18.302853260869565,3.635621153846154,-2.0555687772682796,0.012817503710614343,2.290637685370118,4.618760400640355,3.195351872755735,3.470973029749194,3.2718581861436933,0.27050715766622474,3.0629351679479306,-2.8779492378976075,-2.8229981967848623,3.0851271733863226,3.172643473385923
PL,2021-03-01,0.2255379746835443,0.5240080506037953,1194.4601063829787,75.17367021276594,0.24990506329113923,0.7380379746835443,6.491983766233766,0.03319620253164557,7.571356382978724,52247.00166397451,0.40359042553191493,0.2833776595744681,19.007712765957447,20.293989361702128,3.4678404255319144,-2.1945606288000596,-0.6772738314036552,2.270956576979785,4.687067549207796,3.4757376445484467,3.6851633620703876,3.5311214350300264,0.25571068596131147,3.0665759294659862,-2.235722147764919,-2.97843277647593,3.35057450159444,3.455190058988687
PL,2021-05-01,0.20187500000000003,0.5907755581668626,1116.358695652174,76.29347826086956,0.2660416666666667,0.7410416666666667,5.23225,0.034270833333333334,7.44804347826087,37118.91920208646,0.3116847826086957,0.34021739130434786,19.221467391304348,18.223152173913043,3.4360714673913044,-1.9261590454559676,1.430952677678475,1.8840542991905884,4.474398209609046,3.593659733253792,3.7218235761332474,3.63372504556671,-0.13491878768901622,2.7003025820677506,-1.9190988916046567,0.09260129642082217,3.466938090596597,3.576267990541923
SF,2020-01-01,0.2275,0.7162162162162162,995.25,78.69999999999999,0.185,0.975,7.4625,0.02,7.295,43731.8050087497,0.125,0.45,20.25,5.725,3.2875,-1.9168126182316174,2.460443177609626,-1.013194537513758,3.8320370486442474,3.7945326531857932,3.791342857817693,3.8118969410951293,-3.254438404118683,0.5400942490671105,-1.491654876777717,1.0036603780110622,3.6655405329946897,3.781711964756732
SF,2020-02-01,0.19875,0.7027027027027027,969,76.225,0.3231458333333334,0.79,7.12925,0.02854166666666667,7.3375,13673.455268303527,0.35,0.275,19.25,4.625,3.4985,-1.7389772837890856,1.3587304427736808,0.04741190707303174,3.8107784978513726,3.7287194346162216,3.702486346918049,3.763341491162193,-2.1393468635236546,1.467989682876664,-1.8971199848858813,0.8301880328207434,3.3854212329246085,3.6696727702796004
SF,2020-03-01,0.2125,0.7702702702702703,1064.5,73.925,0.525,0.845,7.68625,0.0425,7.335,9157.644844552467,0.15,0.45,22.025,50.3,3.13735,-1.9063289239711911,1.7080154757950945,0.33024005535624623,3.799977312734025,3.694113905438746,3.6549104384719024,3.73815004495183,-1.8496238487299654,1.7321273934115433,-1.3862943611198906,0.46608972992459924,3.2091089812944977,3.6085647842388187
SF,2020-04-01,0.16945652173913045,0.6386944980694981,1054.587053571429,72.20758928571428,0.2876902173913044,0.6069021739130435,6.7940000000000005,0.03961956521739131,7.109642857142859,60366.14333257193,0.15870535714285713,0.4390625000000001,23.986607142857142,27.795312500000005,3.137483928571429,-1.7263713970893182,2.1690142629721607,0.5504599026851339,3.7890581869587106,3.6582677736656097,3.604957503037348,3.7123075536944423,-1.6252577284366987,1.9408735669765977,-1.5884542601335094,1.1243709765632435,2.9949122159700945,3.543478167718932
SF,2020-05-01,0.14754587155963306,0.6224934612031388,1065.7745535714287,70.90089285714286,0.23783256880733947,0.4892201834862386,6.60425,0.0385091743119266,7.026919642857145,70705.35760636954,0.13487903225806455,0.473991935483871,25.17857142857143,28.220535714285713,3.066285685483871,-2.120055224565133,1.7549658083990427,0.8016118844090202,3.7481811267090217,3.604110433889438,3.497539684127995,3.6677522560235576,-1.3277896203525552,2.2237600260799146,-1.585532391580546,1.2691985892436433,2.5523294449054275,3.3632596611217562
SF,2020-06-01,0.0925,0.7364864864864865,1062.75,68.075,0.163875,0.19,6.474084415584414,0.015,7.1175,115363.45876910046,0.175,0.425,28.15,36.35,2.9379,-1.0223459332146598,2.6765767337253243,1.0160618856191053,3.7555666846524094,3.5423078925707414,3.4381176520611056,3.630513910883439,-1.1534230436776602,2.3888848488930816,-1.2039728043259361,1.681898099163361,1.7340191213914762,3.3181392258412865
SF,2020-07-01,0.0775,0.02027027027027025,1158,62.9,0.165,0.28,5.54625,0.02,5.645,124333.00645773188,0,0.475,28.6,42.2,2.9449,-1.813238500905179,2.7487121828211,0.9978227201609446,3.7092195922857902,3.531140533760916,3.385045554765875,3.6014071035536044,-1.1664499828515706,2.3682863661900173,NA,1.291296632497611,1.9055297620812153,3.18548184557944
SF,2020-08-01,0.2325,0.7162162162162162,1103.75,71.625,0.1825,0.655,4.8345,0.1225,7.7525,115380.68793051488,0.075,0.65,28.75,5.475,2.921975,-1.8727526284375868,2.3425747412102043,0.9942767261399114,3.6908583409789797,3.528978593350202,3.362289572120861,3.5934671931139266,-1.1567354525558318,2.376625964986808,-1.3862943611198906,1.032205356470511,1.9227304762842017,3.122714444048905
SF,2020-09-01,0.1075,0.7837837837837838,1100.6634615384617,66.89807692307693,0.1875,0.3,7.77475,0.035,6.940096153846154,14679.478831987428,0.05,0.6875,26.025961538461537,14.523365384615385,2.890025,-1.4882163508452746,1.522844629849005,1.0160618856191055,3.6361266477883962,3.5423078925707414,3.277775001985926,3.6019677289770775,-1.0070586067215077,2.5352492858492335,-1.491654876777717,0.19905575578511986,1.5108755700772663,2.8367894202082495
SF,2020-10-01,0.15,0.8108108108108107,1144,58.8,0.1925,0.44,6.8715,0.1375,6.9975000000000005,103237.98100256502,0.425,0.3625,25.375,6.715,2.890725,-1.8325814637483102,2.6005206681595436,0.9763757478693252,3.6870467382156535,3.518110375979352,3.3654165304180883,3.5750646635519154,-1.2277641267495696,2.297127893296646,-1.6739764335716716,0.5156639004062399,2.111313352532944,3.142207467146103
SF,2020-11-01,0.3675,0.8243243243243242,1092.25,67.7,0.19,0.8724999999999999,7.1575,0.16749999999999998,6.805,39615.20409567967,0.0625,0.4875,25.275,5.1075,2.934,-1.820313276646116,2.1113640530130584,0.9180283517726958,3.708100147413486,3.4832189762007353,3.417769066790128,3.5236930841285097,-1.5532530665091169,1.9299659096916184,-1.2909841813155656,1.141432285851038,2.56692824432658,3.312997826340868
SF,2020-12-01,0.3825,0.8175675675675675,980.5,76.725,0.17750000000000002,1.2425,6.75975,0.025,6.93,20326.716399339228,0.25,0.5625,17.325,2.0625,2.8408,-1.8169234428916046,2.8012369158283277,2.0266810149514325,3.516082613380652,3.273711999836071,3.152087145269972,3.322717125313295,-0.1167829434878159,2.018429466651448,-1.742969305058623,1.1798081773266382,2.092797115526987,2.9455292381499203
SF,2021-01-01,0.27533653846153844,0.8108757796257797,2428.179347826087,61.09021739130435,0.22715384615384618,0.8750240384615385,6.920125,0.07800480769230769,7.289646739130435,40453.16440887896,0.17716346153846158,0.5469951923076923,20.32826086956522,11.539402173913043,3.2674362980769236,-2.4358593758169835,2.2619714101087487,2.319953591041215,3.4138956682041517,3.1332612126060306,3.0098954507565456,3.184436358769933,0.1969080571000868,1.9505144624437005,-1.4794434162987276,0.566591401671848,1.9154537601672026,2.7823640916049652
SF,2021-03-01,0.25021276595744685,0.8341719378953423,3614.827127659574,51.52925531914894,0.2792952127659575,0.8471542553191489,8.191464285714284,0.08462765957446808,7.497180851063829,40185.78230436028,0.2184840425531915,0.5081117021276595,19.995212765957447,32.519069148936175,3.6706827127659576,-2.2332222899402145,2.5705872806164822,2.7801172474597116,3.1554048023226366,2.670112480561811,2.6412897019062473,2.719969169295743,0.6640433112785958,1.5097942408243883,-1.4454572857788592,1.1665045547110282,1.7482037563834325,2.4827361531062326
SF,2021-05-01,0.2471195652173913,0.839012925969448,4651.23097826087,45.849456521739135,0.3167934782608696,0.8983152173913044,7.761,0.07239130434782609,7.74195652173913,32918.67851131552,0.18478260869565216,0.5275815217391304,18.822554347826088,41.50790760869565,3.9802269021739134,-1.7954281624920359,1.9288300379500023,2.9716983466740605,2.9514720872741047,2.293634909326899,2.293926412025363,2.351133401388115,0.8651655343975626,1.3698932189826905,-1.3573689379768983,0.6023432496017558,1.3670876772855547,2.0919432847306405
TR,2020-01-01,0.36,0.8175675675675678,6215.5,45.65,0.3775,1.5425,8.4445,0,8.275,62079.200678003945,0.1,0.425,16.975,20.525,4.1225,-1.708291863986792,0.028004196409597344,3.270835563798912,2.3492047604817095,-0.1631008634944053,0.5180701260188243,0.12458120895737568,1.1758620269092832,1.0127611634148779,-0.7444404749474959,-1.526246321547336,-1.261713152162515,-1.038569600848305
TR,2020-02-01,0.0725,0.7905405405405408,5145,33.15,0.30825,0.245,10.37975,0.1275,8.129999999999999,12426.004453104828,0.1,0.85,17.475,40.75,4.669225,-1.132505219691294,-0.29092064430229914,6.619955285745775,6.902268478628212,0.37589563723828184,4.599915788389184,4.383228822470753,4.4992297900407054,5.570337514882604,-3.6888794541139363,0.33110069281930193,-1.261713152162515,-0.8327175466441563
TR,2020-03-01,0.0225,0.9797297297297298,7382.25,14.825,0.4475,0.1575,14.2875,0.115,7.72,9155.941233371212,0.5,0.3,20.65,153.05,4.753425,-1.85246534434545,-2.679426301765645,7.013646266159962,7.304215780173529,0.5651376368768102,4.999739584523618,4.783968980850265,4.892611762753028,5.972300683000545,-1.6094379124341003,-0.7580591047370883,-1.261713152162515,-0.7437700606276602
TR,2020-04-01,0.17151785714285717,0.7737693050193053,6250.669642857144,52.77901785714286,0.3975000000000001,0.36776785714285715,13.975,0.07584821428571428,8.23169642857143,72154.08804116127,0.19017857142857145,0.6378348214285714,23.5453125,72.24308035714287,4.432300223214286,-1.5616954129031733,-0.9641645642432726,7.295388877089888,7.5901342978231865,0.7242023315064975,5.284589021780604,5.069280180049229,5.174197071959256,6.258227175850828,-1.9030901518723848,-0.8320644797466143,-1.261713152162515,-0.6620920296133929
TR,2020-05-01,0.2113709677419355,0.7545226678291196,6192.854910714287,60.67901785714285,0.39009072580645165,0.31883064516129034,18.51125,0.07360887096774194,8.3046875,84960.16250086288,0.14052419354838713,0.7183467741935485,25.258482142857144,65.4279017857143,4.304801612903226,-2.322073769577908,-2.2265735765879504,7.2793456274868475,7.6267983548891705,1.420069122119085,5.329089252978112,5.065330375589465,5.162437235100561,6.297356147674059,-2.1547909789216226,-1.1463330248795216,-0.5144987503322936,0.4277674679451221
TR,2020-06-01,0.045,0.8851351351351353,7451,10.675,0.45,0.0775,13.460175324675323,0.0925,7.57,161113.10772529896,0.125,0.875,28.35,79.4,4.44105,-1.5524670161744742,-1.2774399562078085,7.847316009223277,8.147478078558834,1.0896621050009627,5.840551020167965,5.625839419502102,5.725919146784412,6.815581251785375,NA,-2.1302928285039657,-1.261713152162515,-0.4507829359461862
TR,2020-07-01,0.625,0.02027027027027025,3076,202.15,0.3625,0.3425,7.18125,0.035,9.675,108521.40192965622,0,0.7375,33.25,33.05,3.961425,-1.6086881935435544,-0.3377830954213136,7.176053353752831,7.534332926327356,1.5856313738174388,5.243340477944264,4.946747054383107,5.067875165204981,6.207394671466331,-2.0794415416798357,-1.5566082987895682,-0.3012512019752223,0.6737742042167038
TR,2020-08-01,0.1175,0.9324324324324323,7276.25,72.75,0.4025,0.145,14.82,0.01,8.925,148065.6950771623,0.025,0.875,28.975,24.425,4.195875,-0.7370468228499637,-1.697777443757624,6.777788545382733,7.205077036697872,1.760586148776198,4.928816156230696,4.548102688659908,4.6821928595130435,5.8826726164786995,-2.3025850929940455,-2.0460067655935985,-0.06546239393048936,0.9355114251737046
TR,2020-09-01,0.395,0.945945945945946,5678.394230769231,64.65384615384616,0.29,0.2375,15.5875,0.1075,8.57375,16316.179499785305,0.05,0.925,24.658653846153843,34.52173076923077,3.6517,-1.5231455438690877,-0.10087061038497423,4.622013833317645,6.378410020532849,2.335599108425931,4.197568364411284,2.8932560318760205,2.748806492716888,5.084405601142819,-3.6888794541139363,-1.693771060899851,0.53004631706554,1.6004877287669534
TR,2020-10-01,0.2425,0.891891891891892,6246.5,18.25,0.3175,0.2175,12.7925,0.045,8.195,122143.27304831542,0.1125,0.85,22.5,44.165,4.159775,-1.8957875396521027,-2.167093123556889,6.3063068309151005,6.735585640394522,1.6170170307181642,4.47815631504068,4.009147368152482,4.2373469592192095,5.419838292878672,-3.283414346005772,-1.7704873339525153,-0.13570188930629082,0.8280911765528678
TR,2020-11-01,0.6075,0.8581081081081082,5492.75,31.725,0.2675,0.56,7.08075,0.105,8.29,24371.451093314896,0.175,0.825,20.775,15.1175,4.122275,-1.7476947380659544,-0.38254235347574106,5.247024072160486,3.903072821760999,-0.5685659716025696,1.9825519067105053,1.1586549764879142,3.3260245784758116,2.757458606873242,NA,-2.5635603226172625,-1.261713152162515,-1.261713152162515
TR,2020-12-01,0.3225,0.8851351351351353,3291.25,55.825,0.2925,0.705,12.29,0.1075,8.5425,26674.88579213434,0.175,0.8,10.375,18.385,4.101525,-1.7728837419592482,-1.2584289901219947,4.849238716326784,5.221394199294684,1.6064847482393279,3.1549963704683512,2.2060765611763604,2.936894767765148,3.945861455329191,-3.6888794541139363,-2.641665728531827,0.35819606013888083,1.03294587555911
TR,2021-01-01,0.37500000000000006,0.892606548856549,3470.978260869565,48.61956521739131,0.3540384615384616,0.4790865384615385,11.58125,0.16629807692307697,8.135190217391305,43988.26361684661,0.18519021739130437,0.7972826086956523,17.084510869565218,33.672826086956526,4.984778605769231,-2.418248501647769,-1.3941249402350793,4.683531120411792,5.180115282564603,1.7685233283134316,3.1482811768993466,2.3012049681874442,2.7714344123540045,3.898873237679732,-4.04400280736125,-2.3738931424384364,0.5985662635022961,1.235966188335841
TR,2021-03-01,0.3284574468085106,0.8962765957446809,2691.7978723404253,55.834840425531915,0.39317819148936173,0.4830585106382979,12.594163961038962,0.2025,8.004441489361701,44302.03632914687,0.31360759493670887,0.674367088607595,17.795212765957448,37.10976063829788,6.06286835106383,-1.888655906473752,-0.8074923823448058,4.428649950758223,3.4782376458505313,1.7196303839393765,2.1837289312973978,2.1477830323143356,2.5011367440798327,2.2278431106543173,-4.420741146854572,-2.891912944914994,0.8699141426878915,1.3356714810521757
TR,2021-05-01,0.3272010869565218,0.9018066980023504,1704.8559782608695,64.36630434782609,0.43597826086956526,0.4866304347826087,15.6225,0.26247282608695655,7.870163043478261,33940.825122773495,0.39375000000000004,0.6010416666666667,17.660869565217393,40.53597826086957,6.827478804347827,-2.05239786470965,-1.301144457381104,4.047824546587208,3.336288544346964,1.9222754137052454,2.2282797282827715,2.293634909326899,2.1148767203817362,2.0359925401876358,-5.2574953720277815,-2.0142825264688167,1.0690428177982272,1.5438093917485154
WM,2020-01-01,0.4525,0.9121621621621624,719,61.2,0.5525,0.2675,10.00475,0.515,7.7525,14344.532854710373,0.4,0.6,18.175,44.375,7.4025,-2.2820474417764975,-2.3025850929940455,1.4307461236907242,2.9723933524347443,2.2347944093039653,2.311835613973745,2.53377603700968,-0.7486783870471101,1.4861160222568552,NA,-1.71869489837105,1.3773441774527437,1.8628519932344445
WM,2020-02-01,0.16749999999999998,0.891891891891892,521.25,81,0.51375,0.6124999999999999,13.8675,0.19,7.2625,86999.38149824244,0.65625,0.34375,19.575,76.325,7.9726,-1.9752617227701723,-1.7814131771739108,2.2078591580698537,8.741910578629323,6.671827673490059,7.583424766150792,8.275590099766875,0.14369811088930437,7.7150110472612825,NA,-1.1111657547397298,4.474859145316677,5.390919435894732
WM,2020-03-01,0.07,0.945945945945946,638,83.175,0.3775,0.48,17.48,0.135,7.9075,17310.10637914716,0.775,0.225,18.875,27.625,9.040725,-2.341819806245328,-2.3025850929940455,2.446981830171326,9.146334723785172,7.073341322886296,7.987176593069054,8.679984988137365,0.40233196875549043,8.119818729547607,NA,-2.3274670985181265,4.86515603195167,5.78654913318057
WM,2020-04-01,0.12040178571428571,0.8686052123552126,529.15125,76.89625000000001,0.56296875,0.30055803571428574,10.6225,0.15040178571428572,7.757625000000001,84753.84688046422,0.8059782608695651,0.19402173913043477,21.867500000000003,38.917500000000004,9.7155640625,-2.2375312191824075,-1.9345113009782664,2.639816023013085,9.433495908127146,7.359041795255813,8.274000922917475,8.967131520899777,0.607632742893463,8.407171926939132,NA,-1.8801355757388292,5.145166833906799,6.0692769850036035
WM,2020-05-01,0.11713709677419355,0.8556015693112469,486.2628865979382,76.40103092783507,0.6356487341772152,0.2471572580645162,9.6225,0.12110887096774195,7.785231958762888,97160.68042773312,0.8454128440366974,0.15458715596330277,23.195618556701035,35.9729381443299,10.07308185483871,-2.245894194336269,-1.918571551580856,3.1192366403355734,9.410642141057002,7.330958500429628,8.248123749712448,8.939553245100708,1.376278721504837,8.383364095830833,NA,-1.970211827485725,5.11765580519895,6.041232406986688
WM,2020-06-01,0.005,0.8040540540540541,362.175,76.85,0.7514285714285714,0.015,10.313457792207792,0.035,7.715,184653.743701198,1,0,25.675,29.5,11.3235,-2.498387104201879,-2.159350924908138,3.0625602689515414,9.992441583850352,7.916104028108108,8.832512816767714,9.526058336112682,1.0502606884137877,8.966364716521895,NA,-2.752198032592047,5.694832290989054,6.622486781513524
WM,2020-07-01,0.0225,0.8581081081081083,354.775,74.625,1.01,0.02,8.279250000000001,0.02,8.18,155879.66725629894,0.9,0.1,29.525,18.725,12.123075,-2.531935366217777,-1.4009005135092527,3.2260461649976127,9.286087060941712,7.247252739258984,8.13384817910596,8.814714046722154,1.5529204532284124,8.25321525368531,NA,-1.869504817852908,5.249504789240335,6.060125901270105
WM,2020-08-01,0.0675,0.7027027027027027,408.52647058823527,72.50588235294117,0.8271052631578948,0.2,8.5005,0.0225,7.916617647058823,82225.1794653024,0.95,0.05,25.577941176470592,18.33588235294118,11.50965,-1.8296171117842952,-1.6468802079099705,3.320165936851769,8.853592521973274,6.842664908865462,7.706069084036787,8.375148568312238,1.73150064980298,7.8143399793623844,NA,-2.222734711506312,4.992855030980837,5.732890028909497
WM,2020-09-01,0.2975,0.9189189189189192,424.66323529411767,71.54705882352941,0.6775,0.4,7.725,0.125,7.873823529411765,27834.48171536229,0.8,0.2,24.50735294117647,16.596176470588237,8.75145,-2.126742814797849,-2.3025850929940455,3.7885788143370243,5.7322198230606745,2.1722740523226314,3.875764546407467,3.44556225676273,2.3225481600869298,4.494822212409561,NA,-1.9984147030374624,1.3773441774527437,1.7708330945141924
WM,2020-10-01,0.075,0.9527027027027029,335.275,75.975,0.9025,0.165,10.35625,0.03,7.7,226594.28708494105,0.95,0.05,22.3,15.3825,8.9528,-2.2139791546600214,-2.6462027977761298,3.1450698260223313,8.296051171638215,6.433172850014055,7.190096716927649,7.818696479909044,1.576403935019849,7.234180720422061,NA,-2.117351114753056,5.002478446448505,5.571565496976414
WM,2020-11-01,0.07,0.7702702702702703,675.5,57.85,0.66,0.2,10.755,0.05,7.9475,24033.724641175493,0.775,0.225,21.925,6.609999999999999,11.151775,-1.8280604489543866,-2.3025850929940455,1.093489701542472,6.339189307379567,5.960852866659656,5.974677613727109,6.11291586305643,-1.3277494821247346,4.6331033845349205,NA,-2.5978290176531167,5.456091542861176,5.781446763825825
WM,2021-02-01,0.11522727272727273,0.8360828360828362,539.4100000000001,65.1,0.7386538461538462,0.2298701298701299,7.11975,0.05512987012987014,7.8485000000000005,86456.06312010584,0.8525974025974027,0.14740259740259742,22.075000000000003,10.119,10.168789610389613,-1.9703181146614819,-2.161736784406666,2.816663250588276,6.1747076687139435,5.566638104032354,5.6287021789234375,5.741579553528686,1.2745974146520915,4.5891005718169,NA,-2.5202437140776857,5.059055142088067,5.385001985314262
WM,2021-03-01,0.12968085106382976,0.8664462334675103,529.6892857142858,65.61785714285715,0.7418617021276597,0.2398936170212766,8.788782467532467,0.06276595744680852,7.8414285714285725,89651.11871663773,0.8372340425531914,0.16276595744680852,22.08571428571429,10.369642857142859,9.837125531914895,-2.3478963157040487,-2.0545928437104455,2.914413771531977,6.152106433483902,5.5043345429109225,5.575648402146877,5.68372921264439,1.3841130952476768,4.583461540557,NA,-2.404451719397616,4.996193870654825,5.322257807074864
